Tweet id,Tweet_permalink,Tweet_text,Attribute,time,impressions,engagements,url clicks
9.79E+17,https://twitter.com/tippingpoint/status/979158090573426688,"""We need to do something here at home"" - Chuck Robbins, CEOExciting move by @Cisco will boost the excellent work of @DSTNHome and others working to serve those experiencing homelessness in #SiliconValley @mercnewshttps://t.co/lxof3N0aTm",Corporate Social Responsibility,2018-03-29 00:47 +0000,1683,32,3
9.74E+17,https://twitter.com/tippingpoint/status/973972029677322240,Our #SFGives partner @BoxHQ just announced the expansion of #BoxOrg via @TidesCommunity and several other programs for Boxers to invest in their communities. Thank you for leading the way! #CSR #BeATippingPoint https://t.co/XFtaWfmvou,Corporate Social Responsibility,2018-03-14 17:20 +0000,1030,17,8
9.64E+17,https://twitter.com/tippingpoint/status/963586586460897280,"Our friends and partners at @Box walk the walk when it comes to corporate social responsibility. Read on to see how your employer can do even more to build a better Bay Area.https://t.co/RCg6v3Wa11",Corporate Social Responsibility,2018-02-14 01:31 +0000,1647,22,10
9.54E+17,https://twitter.com/tippingpoint/status/954170925133447168,"#SFGives partner @blackrock is moving to boost corporate social responsibility across their portfolio, and @Forbes contributor @petercohan offers valuable insight on how to do it right.https://t.co/MxmheMxL65",Corporate Social Responsibility,2018-01-19 01:57 +0000,1072,11,5
9.54E+17,https://twitter.com/tippingpoint/status/954161756720349184,"Fired up to see @Google + @Coursera partner with @YearUp, @Upwardly_Global and others to build pathways into the 21st century workforce for anyone with a will to learn. @VentureBeathttps://t.co/pigLUtsy0d",Corporate Social Responsibility,2018-01-19 01:21 +0000,2204,18,4
9.52E+17,https://twitter.com/tippingpoint/status/952252392531046400,".@Box walks the walk when it comes to corporate social responsibility. We're fired up to see them partner with @YearUpBayArea, @stridecenter + @GenesysWorksBA to hire diverse Bay Area talent.https://t.co/pBaiCZJ9Uf",Corporate Social Responsibility,2018-01-13 18:53 +0000,1193,5,0
9.52E+17,https://twitter.com/tippingpoint/status/951627082437505024,"Looking for inspiration to make a bigger impact in 2018? @Forbes sits down with life-long investor and advocate @BricksonDiamond to discuss his journey to incorporate philanthropy into his career.https://t.co/Ym5uCtJ2Wd",Corporate Social Responsibility,2018-01-12 01:29 +0000,1385,14,3
9.47E+17,https://twitter.com/tippingpoint/status/947142898381754368,".@iamwesmoore - we're with you. We are committed to a relentless, multi-sector effort to help our neighbors build permanent paths out of poverty. @RobinHoodNYC @CNNMoneyhttps://t.co/lP9iKFxDsq",Corporate Social Responsibility,2017-12-30 16:30 +0000,2402,34,10
9.41E+17,https://twitter.com/tippingpoint/status/941468330254254080,"Fired up to see @Forbes publish the #SFGives playbook on Diversity + Inclusion in @GradsofLife. We need to create on-ramps for people of all backgrounds to build a Bay Area where everyone has the chance to prosper.https://t.co/ToDAUUUEzm",Corporate Social Responsibility,2017-12-15 00:41 +0000,845,10,6
9.24E+17,https://twitter.com/tippingpoint/status/923966544513720320,@LiveNationSF @gileadsciences @intuit @Stubhub @TwitterForGood @kpcb @qatalystgroup @TMG_Partners,Corporate Social Responsibility,2017-10-27 17:36 +0000,492,3,0
9.24E+17,https://twitter.com/tippingpoint/status/923966094271922176,@LiveNationSF @SFGiants @salesforce @twilio @apeconcerts @Google @KPShare @LeviStraussCo @benchmark @svangel @facebook @Gap,Corporate Social Responsibility,2017-10-27 17:34 +0000,610,3,0
9.20E+17,https://twitter.com/tippingpoint/status/920449876432846848,"Fired up to see @Facebook + @JobTrain working together. Partnerships like this one broaden #BayArea prosperity.https://t.co/oSItYnYNvN",Corporate Social Responsibility,2017-10-18 00:42 +0000,1039,10,2
9.16E+17,https://twitter.com/tippingpoint/status/916441490657701889,"Fired up to see #SFGives partner @Salesforce invest in social impact startups. #CSR #BeATippingPoint @Mashablehttps://t.co/sQkTUXsoa1",Corporate Social Responsibility,2017-10-06 23:14 +0000,1192,24,7
9.62E+17,https://twitter.com/tippingpoint/status/961778064505028608,"San Francisco is leading the way towards greater equity in criminal justice by adopting common sense reform that removes a major obstacle for low-income returning citizens. @sfchroniclehttps://t.co/xxJL1uWRYQ",Criminal Justice,2018-02-09 01:45 +0000,1019,8,1
9.81E+17,https://twitter.com/tippingpoint/status/981330471723319298,"While a credit card company cannot jail someone for missing a payment, a bail bondsman can and in many cases does. @nytimes https://t.co/ElygK20YNd",Criminal Justice,2018-04-04 00:39 +0000,1506,9,0
9.25E+17,https://twitter.com/tippingpoint/status/925154877554147328,"Justice should be blind to your bank account. We support dialogue on #bailreform that moves CA toward equity. @NPRhttps://t.co/qmPXC2i1Nb",Criminal Justice,2017-10-31 00:18 +0000,877,22,0
9.78E+17,https://twitter.com/tippingpoint/status/978422133012316160,"We can't improve what we can't evaluate - recent expansion of data collection, sharing + analysis in Florida's criminal justice system has exciting potential to reduce harm that disproportionately impacts low-income people and people of color. @nytimeshttps://t.co/i9iVN8aDNe",Data,2018-03-27 00:03 +0000,1049,7,1
9.65E+17,https://twitter.com/tippingpoint/status/965273242821828608,"We have a lot of work to do to build an inclusive economy with opportunity for all, and it starts right here in the Bay Area. @CalMatters shares data and details on what it will take to get there.https://t.co/GF40LpjIBt",Data,2018-02-18 17:14 +0000,1221,16,4
9.61E+17,https://twitter.com/tippingpoint/status/961049818293444608,"In partnership with @CA_EDD + @OppJunction, we're digging into wage data to understand our grantees' impact better than ever.https://t.co/F12hDOjwhM",Data,2018-02-07 01:31 +0000,1154,10,0
9.97E+17,https://twitter.com/tippingpoint/status/997142494516101123,Looking forward to today's session on using data to demonstrate impact with @jamieaustinSF! https://t.co/Zk7Dhvso9f,Data,2018-05-17 15:51 +0000,479,8,0
9.90E+17,https://twitter.com/tippingpoint/status/990016347001139200,Thank you @TIBCO for partnering with us to deepen our understanding and inform our advocacy around the impact of @sfmta_muni parking fines on low-income San Franciscans! #BeATippingPoint https://t.co/4yHCBWVTiN,Data,2018-04-27 23:54 +0000,1485,13,0
9.90E+17,https://twitter.com/tippingpoint/status/989904163218718720,"@TIBCO Thank you for spreading the word! Excited about our findings, and about teaming up with @TIBCO to solve thorny problems to build a better Bay Area! #BeATippingPoint",Data,2018-04-27 16:28 +0000,754,11,0
9.90E+17,https://twitter.com/tippingpoint/status/989903918208507904,"@StevenHillion Excited about our findings, and about teaming up with @TIBCO to solve thorny problems to build a better Bay Area! #BeATippingPoint",Data,2018-04-27 16:27 +0000,32,4,0
9.90E+17,https://twitter.com/tippingpoint/status/989903886184992769,"@G0RAN_J0HANSS0N Excited about our findings, and about teaming up with @TIBCO to solve thorny problems to build a better Bay Area! #BeATippingPoint",Data,2018-04-27 16:27 +0000,158,4,0
9.84E+17,https://twitter.com/tippingpoint/status/984489220822646784,@Trifacta Go Ashley! Folks can learn more about our approach to data and evaluation at https://t.co/2vUB4AtTYG,Data,2018-04-12 17:51 +0000,237,0,0
9.78E+17,https://twitter.com/tippingpoint/status/978086470052298753,"For your Sunday listening - Dr. Nadine Burke Harris of @CYWSanFrancisco shares her expertise on managing trauma and stress to minimize their impact on children's long-term health. #TippingPointGrantees #BeATippingPointhttps://t.co/HsTGrYfxnF",Early Childhood,2018-03-26 01:49 +0000,1399,16,3
9.75E+17,https://twitter.com/tippingpoint/status/974787905053868032,"New research that can help any parent set their child up for success. We're proud to support nonprofits throughout the Bay Area that focus on early childhood wellness for low-income families.@HPP_SF @CYWSanFrancisco @NFP_nursefamilyhttps://t.co/9XseRO48lb",Early Childhood,2018-03-16 23:22 +0000,1160,21,6
9.72E+17,https://twitter.com/tippingpoint/status/971905526073208832,"Happy #InternationalWomensDay! #TBT Last April, we met Joann + Michelle, two Oakland moms who worked with @NFP_nursefamily to make the most of their first two years of motherhood. Photo Cred: @TravisJensen https://t.co/L12bcMzjrV",Early Childhood,2018-03-09 00:28 +0000,2350,36,0
9.59E+17,https://twitter.com/tippingpoint/status/958865199460597762,"""Childhood adversity literally gets under our skin and has the potential to change our health... But we can do something about it."" @DrBurkeHarris, from San Francisco's @CYWSanFrancisco, in a powerful interview with the @NYTimes.https://t.co/0Na5dk2ISz",Early Childhood,2018-02-01 00:50 +0000,2406,48,14
9.95E+17,https://twitter.com/tippingpoint/status/994744960678166528,"Great to see universal preschool and the needs of children 0-5 take center stage in California's gubernatorial debate. We invest in non-profits that provide early childhood wellness services because we believe this is how to build a better Bay Area.https://t.co/EGjvmY9Njy",Early Childhood,2018-05-11 01:04 +0000,707,2,0
9.56E+17,https://twitter.com/tippingpoint/status/956340805723025408,"Thanks to the work of @DrBurkeHarris at @CYWSanFrancisco, we understand better than ever the trauma and stress caused by poverty, and what children need to help them break the cycle. @WBURhttps://t.co/jUnBQGLg4x",Early Childhood,2018-01-25 01:39 +0000,2459,46,6
9.56E+17,https://twitter.com/tippingpoint/status/955604487384612864,Fired up for @DrBurkeHarris‰Ûª new book on childhood adversity and breaking the pathways to toxic stress. Proud to support her work at @CYWSanFrancisco: https://t.co/HsrQY200Tn,Early Childhood,2018-01-23 00:53 +0000,4215,52,8
9.23E+17,https://twitter.com/tippingpoint/status/922981258698690560,"Empowering and coaching new parents can change a child's future. Proud to support @NFP_nursefamily in the #BayAreahttps://t.co/WFWVndNtZ6",Early Childhood,2017-10-25 00:20 +0000,1098,10,1
9.80E+17,https://twitter.com/tippingpoint/status/979869683414310913,".@NewTeacherCtr's newly released program standards focus on equity + closing the achievement gap as well as teacher retention + leadership. @EdSource#TippingPointGrantees #BeATippingPointhttps://t.co/uMpXlNeIF9 https://t.co/nW4n9TvOG0",Education,2018-03-30 23:55 +0000,2676,40,4
9.79E+17,https://twitter.com/tippingpoint/status/979457330377932800,"Congrats @RocketshipEd! Proud to partner with your incredible teachers, admins, parents and students to build a better Bay Area! #TippingPointGrantees #BeATippingPoint https://t.co/hNTKIPHpTJ",Education,2018-03-29 20:36 +0000,1727,13,0
9.79E+17,https://twitter.com/tippingpoint/status/978785540890750976,"While more low-income students are going to college, graduation rates aren't increasing. This has real implications for future wages. #TippingPointGrantees are helping to prepare low-income students to both attend and graduate. #BeATippingPoint https://t.co/QkJMMbOmv2",Education,2018-03-28 00:07 +0000,1113,7,0
9.77E+17,https://twitter.com/tippingpoint/status/976623306756407296,"Two new @KIPPBayArea schools will significantly increase @KIPP's capacity to serve kids in in Bayview-Hunters Point and East San Jose#TippingPointGrantees #BeATippingPointhttps://t.co/BuBfOArv2B",Education,2018-03-22 00:55 +0000,948,11,6
9.75E+17,https://twitter.com/tippingpoint/status/975051547158577152,"Candacy Jeffrey, @YearUp alumna shares her story of working hard to seize every opportunity, while adjusting to living in a country where most people have to work to afford an education. @Forbes #TippingPointGrantees #BeATippingPointhttps://t.co/KWCZVT9BDx",Education,2018-03-17 16:49 +0000,1983,22,4
9.72E+17,https://twitter.com/tippingpoint/status/971554209534394368,"It was true in January, it remains true today - 70% of American teachers support #DACA and the #Dreamers. In their own words in @EdWeek, see why:https://t.co/R2Y205FQ16 https://t.co/LBiU57CLZH",Education,2018-03-08 01:12 +0000,1267,10,1
9.72E+17,https://twitter.com/tippingpoint/status/971547988945395713,"A deep dive from @EdTrust looks at the experience of Latino teachers, their unique challenges, and the value they add to classrooms across America. #BeATippingPoint https://t.co/JL2g5caXa3",Education,2018-03-08 00:47 +0000,1325,7,0
9.69E+17,https://twitter.com/tippingpoint/status/969388731219132416,".@Beyond12 supports low-income, first-generation students on their path through college. Since 2015, they've nearly doubled the number of Bay Area students receiving intensive coaching through their program, and are on track to scale even further in 2018! #BeATippingPoint https://t.co/6gODMxV1AX",Education,2018-03-02 01:47 +0000,762,18,0
9.69E+17,https://twitter.com/tippingpoint/status/969032196429197312,"Last year alone, @TFABayArea teachers served 22,620 students throughout the Bay Area. We're proud to support their efforts! #BeATippingPoint https://t.co/MzD5ZAbvab",Education,2018-03-01 02:10 +0000,1169,16,1
9.68E+17,https://twitter.com/tippingpoint/status/967826865720147968,"@collegetrack helped send over 1,400 low-income, first generation students to college in the last year alone. This is what it takes to build a stronger Bay Area. #BeATippingPoint https://t.co/63NbL53dul",Education,2018-02-25 18:21 +0000,80,1,0
9.67E+17,https://twitter.com/tippingpoint/status/967193925420109824,"Nationwide, 3% of former foster youth graduate from college. @SFStateGSP supports former foster youth every step of the way, graduating 70% of their participants within 6 years.  #BeATippingPoint https://t.co/dw7IdcGZGW",Education,2018-02-24 00:26 +0000,1503,11,0
9.64E+17,https://twitter.com/tippingpoint/status/964306073573236736,"What sets @RocketshipEd apart? Dedicated educators and a spirit of inclusion and opportunity are just the beginning, read more with @NCalNewshttps://t.co/NrZI2k77q6 https://t.co/RQPchZmiaJ",Education,2018-02-16 01:10 +0000,1731,14,3
9.64E+17,https://twitter.com/tippingpoint/status/963951725504733185,"Strong mentorship bonds and an emphasis on equity for all students - how @NTC is raising the standards in classrooms across America. @EdWeekhttps://t.co/ovi0trLtch",Education,2018-02-15 01:42 +0000,1110,3,1
9.62E+17,https://twitter.com/tippingpoint/status/962122125350973440,"Congratulations, @calibercampus on the new home for Beta Academy! We're fired up to see you grow and serve even more students! @RichmonStandard https://t.co/8JPsGvAD26",Education,2018-02-10 00:32 +0000,909,4,0
9.62E+17,https://twitter.com/tippingpoint/status/961781022919606272,"Hear from @KALW about Oakland's bold plan to invest in college readiness and persistence for low-income students.https://t.co/LYPPZak4Km",Education,2018-02-09 01:57 +0000,853,7,1
9.61E+17,https://twitter.com/tippingpoint/status/961414066492379136,"Chan Zuckerberg's exciting investment in @NewTeacherCtr will lift up Ravenswood educators and help them better-serve their students, 44% of whom identify as homeless. @mercnews https://t.co/AZON7O3Q1P",Education,2018-02-08 01:39 +0000,927,6,0
9.61E+17,https://twitter.com/tippingpoint/status/960682120413786112,"Founder @abernadotte drew from her own experience to create @beyond12, which now supports hundreds of thousands of low-income and first-generation college students. @BostonGlobe https://t.co/yPh1pIwmUp",Education,2018-02-06 01:10 +0000,934,9,1
9.59E+17,https://twitter.com/tippingpoint/status/959242743691190272,"Building community for foster youth makes @SFSU and the whole Bay Area stronger. Shout out to @SFStateGSP for supporting these young people. @ABC7Newshttps://t.co/taNb5RWSCF",Education,2018-02-02 01:51 +0000,1216,7,0
9.90E+17,https://twitter.com/tippingpoint/status/989664007039533057,Hear from @KIPPBayArea Alumni Advisor (and alumna) about how she's using student perspectives to improve support through college and beyond. #TippingPointGrantees @LaComadreEdu https://t.co/E3fOBL74ZN,Education,2018-04-27 00:34 +0000,957,9,0
9.89E+17,https://twitter.com/tippingpoint/status/988580805554331648,"Tim Daily of @EdNavigator weighs in on shortcomings in our current education system, and how they can be improved for low-income families in @The74 https://t.co/vgRgLV7Upy",Education,2018-04-24 00:50 +0000,460,2,0
9.87E+17,https://twitter.com/tippingpoint/status/987477581459935233,@JohnBKing @EdTrustWest Thanks for getting the word out @JohnBKing - We learned a lot from the team at @EdTrustWest and wish them great success in the fight to bring equity to #California schools.,Education,2018-04-20 23:46 +0000,116,2,0
9.87E+17,https://twitter.com/tippingpoint/status/986780385492189185,".@EdTrustWest takes a data-driven approach to education reform, organizing communities across California to stand up for racial equity in education. Read our conversation with Executive Director, Ryan Smithhttps://t.co/OAODuBujp2 https://t.co/3BT20p41ds",Education,2018-04-19 01:35 +0000,2411,40,8
9.38E+17,https://twitter.com/tippingpoint/status/938228984373841920,"Tipping Point grantee @experienceBELL spotlighted as a key program within @BigLiftTeam efforts to improve #education outcomes for low-income students. @smdailyjournal https://t.co/usyJKcfzep https://t.co/HM5JyTpfMt",Education,2017-12-06 02:09 +0000,977,2,0
9.24E+17,https://twitter.com/tippingpoint/status/924345636455030784,"Enlightening piece from @EdSurge on helping low-income students overcome toxic stress and other barriers to success.https://t.co/evX51sP8OC",Education,2017-10-28 18:42 +0000,1074,11,4
9.19E+17,https://twitter.com/tippingpoint/status/918634733281599488,"Proud to support @TFABayArea. We stand w @TeachForAmerica - support our #DACAmented teachers, neighbors + friends.https://t.co/VpjIid3CwZ",Education,2017-10-13 00:29 +0000,912,7,3
9.18E+17,https://twitter.com/tippingpoint/status/918269455687327744,"For your listening - @Stitcher + @EdSource examine the needs of California's most vulnerable students.https://t.co/ch4Xz0RA4n",Education,2017-10-12 00:17 +0000,1335,12,2
9.18E+17,https://twitter.com/tippingpoint/status/917846122550370305,Proud to support @RocketshipEd and their service to kids throughout the #BayArea - Keep up the great work! #BeATippingPoint https://t.co/KEXfyyya3a,Education,2017-10-10 20:15 +0000,981,14,0
9.16E+17,https://twitter.com/tippingpoint/status/915649975215722496,We came away informed + fired up to fight for equity in #California education. Thank you @EdTrustWest! #data4thepeople #BeATippingPoint https://t.co/YzS2uGXLaW,Education,2017-10-04 18:49 +0000,1142,9,0
9.77E+17,https://twitter.com/tippingpoint/status/976868273693356032,Proud to fund @stridecenter's efforts to build an inclusive 21st century workforce! #TippingPointGrantees #BeATippingPoint https://t.co/K2BT17pAJe,Employment,2018-03-22 17:08 +0000,954,5,0
9.77E+17,https://twitter.com/tippingpoint/status/976618227244548097,Proud to fund @MAFpajarito and echo their support for hardworking families like the one in this @Time article. #TippingPointGrantees #BeATippingPoint https://t.co/P9FEc2GufF,Employment,2018-03-22 00:35 +0000,832,1,0
9.77E+17,https://twitter.com/tippingpoint/status/976616575993196544,".@TippingPoint partner @Workday hosts the Opportunity Onramps conference on April 24! Talia Nagar, our #Employment Sr. Program Officer, will moderate a panel including @UpwardlyGlobal + @StrideCenter #TippingPointGranteeshttps://t.co/uGNfEnI71V",Employment,2018-03-22 00:28 +0000,788,13,5
9.69E+17,https://twitter.com/tippingpoint/status/968661884386734081,".@GenesysWorksBA sets young people on a path to prosperity through internships and professional skills development. Last year alone they placed over 100 low-income high school seniors at companies throughout the region, 96% of whom went on to enroll in college. #BeATippingPoint https://t.co/GMsZGROuX5",Employment,2018-02-28 01:39 +0000,1237,11,0
9.60E+17,https://twitter.com/tippingpoint/status/959585976652775427,".@AspenInstitute profiles an exciting partnership between @SFOEWD + @Samaschool, a Tipping Point grantee, to prepare low-income workers for success in the gig economy.https://t.co/D3nBpY7vaf",Employment,2018-02-03 00:34 +0000,977,13,4
9.94E+17,https://twitter.com/tippingpoint/status/994012210887249920,"#TippingPointGrantees @YearUpBayArea + @GenesysWorksBA get a shout out from @FastCompany for creating opportunities for low-income people to accelerate their careers.https://t.co/e3hTkvIduF",Employment,2018-05-09 00:32 +0000,1212,13,2
9.82E+17,https://twitter.com/tippingpoint/status/982052711691464704,"Join us April 24th at @Workday's Opportunity Onramps conference for a conversation on job training programs to close the opportunity gap, featuring #TippingPointGrantees @stridecenter + @Upwardly_Global #OppOnrampshttps://t.co/wTgoniHS7R",Employment,2018-04-06 00:29 +0000,2036,20,2
9.82E+17,https://twitter.com/tippingpoint/status/981688108910440448,50% of the U.S. workforce will be independent workers by 2027 based on current growth rate. Check out @Samaschoolorg‰Ûªs new campaign to prepare jobseekers for the #gigeconomy https://t.co/L7wH7tg8By #FutureIsIndependent #TippingPointGrantees https://t.co/0ltD9lnJZp,Employment,2018-04-05 00:20 +0000,1256,18,2
9.18E+17,https://twitter.com/tippingpoint/status/917905911531765760,.@newdoorsf helps young people in our community build a path to a better future. Rafael's story is an inspiration! #BeATippingPoint https://t.co/ffPieo3q1O,Employment,2017-10-11 00:13 +0000,824,8,0
9.15E+17,https://twitter.com/tippingpoint/status/915269284263215104,Thank you for building on-ramps for talent in our community! #BeATippingPoint https://t.co/5deVN65ySO,Employment,2017-10-03 17:36 +0000,866,5,0
9.15E+17,https://twitter.com/tippingpoint/status/915012868143177728,S/O to @ceoworks! Last year 237 people in #Oakland + #SanJose landed stable living wage jobs with their support. Thank you! #BeATippingPoint https://t.co/q1GFvxFggA,Employment,2017-10-03 00:37 +0000,758,9,0
9.80E+17,https://twitter.com/tippingpoint/status/979902365447827457,"Thank you to our #TippingPointGrantees! It's an honor to work with you to build a better Bay Area.https://t.co/qwmUq7Alsd",Event Promotion,2018-03-31 02:05 +0000,980,9,5
9.77E+17,https://twitter.com/tippingpoint/status/977057417321095169,Thank you #LucasFilm trivia night players! $102k raised for Bay Area nonprofits from teams like #GentlyGruntingTauntauns (favorite name weâ€™ve seen) #BeATippingPoint https://t.co/Vl8MdxyJEq,Event Promotion,2018-03-23 05:40 +0000,17606,273,18
9.76E+17,https://twitter.com/tippingpoint/status/976495484700311552,"What a night! Thank you @TheBonnieRaitt for bringing our community together at @foxoakland to support #NorthBayFire relief. #BeATippingPointhttps://t.co/9IL7JZO5of",Event Promotion,2018-03-21 16:27 +0000,11544,68,22
9.73E+17,https://twitter.com/tippingpoint/status/972540210318725120,"Big thanks to @RBC + @CityNational for honoring Tipping Point as a beneficiary! Sign up to ride today:https://t.co/awn1Smw6pN",Event Promotion,2018-03-10 18:30 +0000,545,4,1
9.72E+17,https://twitter.com/tippingpoint/status/972272451731185665,Thank you @ProjectOpenHand for hosting our annual Day of Service! It was awesome working alongside you to serve our neighbors. #MealsWithLove #BeATippingPoint https://t.co/zZBxUNwOGa,Event Promotion,2018-03-10 00:46 +0000,1157,20,5
9.70E+17,https://twitter.com/tippingpoint/status/969710091652902912,"Awesome event at @bluxomewinery last night, thanks to all who attended, and special thanks to @kkellyjanus + @ahperkins for sharing guidance on making an impact. #BeATippingPointhttps://t.co/rfRkAYVNup",Event Promotion,2018-03-02 23:04 +0000,1159,19,5
9.97E+17,https://twitter.com/tippingpoint/status/997276188388114432,"We raised more than $14M that night. Every dollar will support Bay Area non-profits providing housing, education, employment and early childhood wellness services to the people who need it most. #BeATippingPoint",Event Promotion,2018-05-18 00:42 +0000,656,17,0
9.97E+17,https://twitter.com/tippingpoint/status/997276180276379648,#TBT: City Hall + Coit Tower went green to celebrate #TippingPointBenefit 2018. Thank you to everyone who made that amazing evening possible! https://t.co/CxRQMUEkfr,Event Promotion,2018-05-18 00:42 +0000,4761,46,1
9.92E+17,https://twitter.com/tippingpoint/status/992302081909248001,".@KISSTHEDEEJAY plays out #TippingPointBenefit - thank you to our incredible speakers, artists and guests for uniting to celebrate our common thread. #BeATippingPoint #MakePovertyPreventable https://t.co/nGVVs5dIjO",Event Promotion,2018-05-04 07:17 +0000,1320,23,0
9.92E+17,https://twitter.com/tippingpoint/status/992289800248938498,Swinging with @leonbridges at #TippingPointBenefit - beautiful sound on a beautiful night! Thank you to all our guests for your generous support for Bay Area non-profits! #MakePovertyPreventable #BeATippingPoint https://t.co/GbCYLcG9ay,Event Promotion,2018-05-04 06:28 +0000,1679,50,1
9.92E+17,https://twitter.com/tippingpoint/status/991866380344377345,"Fired up for @KISSTHEDEEJAY to close out the #TippingPointBenefit tomorrow night! Thanks for helping build a better Bay Area.#BeATippingPoint #MakePovertyPreventable https://t.co/OyIhZIgbK7",Event Promotion,2018-05-03 02:25 +0000,1111,19,0
9.92E+17,https://twitter.com/tippingpoint/status/991866306977710080,Can't wait to hear the sweet sounds of @leonbridges headlining the #TippingPointBenefit tomorrow night! Thank you for helping bring our community together to fight poverty in the Bay Area #BeATippingPoint #MakePovertyPreventable https://t.co/BTRaPN566r,Event Promotion,2018-05-03 02:25 +0000,1387,14,0
9.92E+17,https://twitter.com/tippingpoint/status/991865841577701376,"Tomorrow, our community will unite to celebrate the common thread that connects us all, by investing in non-profits that help break the cycle of poverty for low-income people throughout the Bay Area. #TippingPointBenefit #BeATippingPoint #TippingPointGrantees https://t.co/Dgn3jo0MzA",Event Promotion,2018-05-03 02:23 +0000,1562,26,2
9.89E+17,https://twitter.com/tippingpoint/status/988938671934984192,"Thanks to the overwhelming response of the Tipping Point community, all tables to our annual Benefit have officially sold out! For those who want to support our work fighting poverty in the Bay Area, there's still time to donate to the 2018 campaign!https://t.co/aYqPQAs3kS https://t.co/Z0RLvEYAch",Event Promotion,2018-04-25 00:32 +0000,896,18,7
9.16E+17,https://twitter.com/tippingpoint/status/916087431555727360,"Fired up to hear @geographermusic play @mezzanineSF for #TPSocial! Thank you for giving back to the #BayArea! #BeATippingPoint https://t.co/rqv2Q4FvC3",Event Promotion,2017-10-05 23:47 +0000,762,11,0
9.77E+17,https://twitter.com/tippingpoint/status/977213863518064640,"@rosa_phoenix @sonoma_news @NorthBayNews @SantaRosaFire @SRCSchools @SRMetroChamber @CityofSantaRosa @RedwoodCU @RebldgTogthr @exchange_bank You can see a full list of grants made to-date at https://t.co/bFkCzesQyHWe will update this page regularly as m",Fire Relief,2018-03-23 16:01 +0000,91,7,2
9.74E+17,https://twitter.com/tippingpoint/status/974075922784567296,"After the #NorthBayFires, 4x more people are living in tent encampments amidst a 0% rental vacancy. Help us support the work of groups like @CathCharSRosa at https://t.co/bFkCzesQyHhttps://t.co/3O8UUZ6Emr",Fire Relief,2018-03-15 00:12 +0000,1269,5,0
9.71E+17,https://twitter.com/tippingpoint/status/971201685161848833,"Do you or someone you know have questions about rebuilding in the wake of the #NorthBayFires? Our friends at Legal Aid of Sonoma County have answers - this Saturday at 2pm. @PressDemocrathttps://t.co/aINLlNzLHx",Fire Relief,2018-03-07 01:51 +0000,768,3,0
9.71E+17,https://twitter.com/tippingpoint/status/970833088912633856,"The fires are over, but the crisis persists. @CathCharSR is one of many groups we're working with to help vulnerable communities in the North Bay rebuild. @sonomastatestar #SonomaStrong #BeATippingPointhttps://t.co/o9zJsegRRr",Fire Relief,2018-03-06 01:27 +0000,572,4,1
9.64E+17,https://twitter.com/tippingpoint/status/963940529967804416,"Legal Aid of Sonoma County are stepping up to help our neighbors navigate process of recovery after the North Bay fires. @CBSSFhttps://t.co/GNMbiUdLE7",Fire Relief,2018-02-15 00:58 +0000,6418,23,9
9.64E+17,https://twitter.com/tippingpoint/status/963600387545550850,"Spotlight on Naomi Fuchs, CEO of @SRCH. Naomi is an indispensable leader in the effort to recover and rebuild after the North Bay fires, and we are proud to support her efforts. @SFChroniclehttps://t.co/huqeulseR6",Fire Relief,2018-02-14 02:26 +0000,1345,10,1
9.92E+17,https://twitter.com/tippingpoint/status/992136675617837056,"Thank you to all the employees from our partner, @LeviStraussCo, for committing their Community Day to North Bay Fire Relief. #NorthBayStrong #BeATippingPointhttps://t.co/B8yenooyqW https://t.co/3tAKYHQ6tc",Fire Relief,2018-05-03 20:19 +0000,3644,29,7
9.91E+17,https://twitter.com/tippingpoint/status/991479353711083520,".@Burbank_Housing has begun construction a 50-unit apartment building in Napa, the first new affordable housing since the #NorthBayFires. Proud to sponsor via the Tipping Point Emergency Relief Fund. @NapaRegister #TippingPointGrantees #BeATippingPointhttps://t.co/7gqTFV9011",Fire Relief,2018-05-02 00:47 +0000,1399,12,1
9.89E+17,https://twitter.com/tippingpoint/status/988928726988607488,"Our CEO + Founder @DanielLurie joins @KSRO to discuss the Tipping Point Emergency Relief Fund and our ongoing support of #NorthBay fire recovery efforts.https://t.co/ug5DL683Tw",Fire Relief,2018-04-24 23:52 +0000,631,6,1
9.84E+17,https://twitter.com/tippingpoint/status/983872667315978240,".@NapaValleyGives is one of 37 local organizations the Tipping Point Emergency Relief Fund is supporting in the aftermath of the North Bay fires. @NapaRegister #NapaStrong #BeATippingPointhttps://t.co/FGC3EmjcJs",Fire Relief, ,1273,18,2
9.49E+17,https://twitter.com/tippingpoint/status/948683995130155008,Huge thanks to @Metallica @SFGiants and everyone who made #BandTogetherBayArea possible. Your support for our #NorthBay neighbors truly inspires! https://t.co/YRKZSaLQ9Y,Fire Relief,2018-01-03 22:34 +0000,158027,147,0
9.44E+17,https://twitter.com/tippingpoint/status/943994336596828160,@giantscommunity @SFGiants @Metallica @G_Eazy @davematthewsbnd We are so grateful to @SFGiants for stepping up to the plate and supporting our #NorthBay neighbors! Learn more about #bandtogetherbayarea relief efforts at https://t.co/bFkCzesQyH,Fire Relief,2017-12-21 23:59 +0000,1071,6,0
9.42E+17,https://twitter.com/tippingpoint/status/941720399665958912,"#BandTogether 2 raised over $4 million for #NorthBayFire relief! Thanks @BillGrahamCivic for hosting, @Salesforce @apeconcerts + @Twilio for sponsorships, and of course to @POTR + @ChiliPeppers for an incredible show!",Fire Relief,2017-12-15 17:23 +0000,3582,24,0
9.42E+17,https://twitter.com/tippingpoint/status/941521719008702464,Over $20 million raised across both #BandTogetherBayArea concerts for #northbayfire relief! Special thanks to @salesforce @twilio + @apeconcerts for your leadership throughout. #beatippingpoint https://t.co/49I5WsqmgI,Fire Relief,2017-12-15 04:14 +0000,10283,164,1
9.37E+17,https://twitter.com/tippingpoint/status/936742548105596928,"#BandTogether2 feat. @ChiliPeppers + @POTR sold out in record time! So moved by the incredible support for our #NorthBay neighbors.Special thanks to @apeconcerts @Salesforce @Twilio‰ÛÜ + @BillGrahamCivic  for bringing this to life! You can still support at https://t.co/bFkCzesQyH https://t.co/VwAxcxYbWh",Fire Relief,2017-12-01 23:43 +0000,6183,51,3
9.36E+17,https://twitter.com/tippingpoint/status/936398625973796865,#TBT #BandTogether is back! Join us Dec. 14 at @BillGrahamCivic to continue support for #NorthBay fire relief + recovery. Tix on sale Friday 10 am: https://t.co/Au0gaqlYlL https://t.co/J3muY9q93k,Fire Relief,2017-12-01 00:56 +0000,834,9,3
9.25E+17,https://twitter.com/tippingpoint/status/925488090826752001,Thanks for hosting @SFGiants! Can‰Ûªt wait to #BandTogetherBayArea November 9 in support of #northbayfire relief. https://t.co/rEsKthelNa,Fire Relief,2017-10-31 22:22 +0000,1198,30,0
9.25E+17,https://twitter.com/tippingpoint/status/925438553185697792,"Ltd tix left for #BandTogetherBayArea 11/9 benefit concert w@Metallica @DaveMatthewsBand @DeadandCompany + more!https://t.co/Au0gaqlYlL https://t.co/cIMiIFyDqu",Fire Relief,2017-10-31 19:05 +0000,2487,37,0
9.25E+17,https://twitter.com/tippingpoint/status/925108669447938048,Thanks @TwitterForGood for helping spread the word! #BandTogetherBayArea https://t.co/bGRuzDJQiX,Fire Relief,2017-10-30 21:14 +0000,760,17,1
9.25E+17,https://twitter.com/tippingpoint/status/925108515785515008,Proud to stand with @Twilio and all our partners to support #NorthBayFire recovery efforts. #BandTogetherBayArea https://t.co/OhmodUpXgX,Fire Relief,2017-10-30 21:13 +0000,704,19,0
9.25E+17,https://twitter.com/tippingpoint/status/925107710177132544,Thanks for hosting @SFGiants + @ATTPark! Can't wait for the show Nov. 9! #BandTogetherBayArea https://t.co/XRVAE4GRBX,Fire Relief,2017-10-30 21:10 +0000,3048,26,0
9.25E+17,https://twitter.com/tippingpoint/status/925105341121028096,Thanks @LeviStraussCo for your support! #BandTogetherBayArea https://t.co/yNDwE6uWhK,Fire Relief,2017-10-30 21:01 +0000,506,7,0
9.25E+17,https://twitter.com/tippingpoint/status/925105014556672002,Thanks @Intuit for your support! #BandTogetherBayArea https://t.co/c2UNRe6Vrj,Fire Relief,2017-10-30 20:59 +0000,740,7,0
9.25E+17,https://twitter.com/tippingpoint/status/925098488114716673,#BandTogetherBayArea - thank you @CherylABC7 for mobilizing our community to support #NorthBayFire relief! https://t.co/IYoyUqeu4c,Fire Relief,2017-10-30 20:34 +0000,1371,13,0
9.25E+17,https://twitter.com/tippingpoint/status/925074439502405632,"Get tix while they last! #BandTogetherBayAreahttps://t.co/Au0gaqlYlL https://t.co/23PK3pwRa5",Fire Relief,2017-10-30 18:58 +0000,606,7,0
9.25E+17,https://twitter.com/tippingpoint/status/925065750422831104,Only a few tickets left! #bandtogetherbayarea concert for #NorthBayFire relief w @Metallica @G_Eazy + more. https://t.co/iHD4hXfQji,Fire Relief,2017-10-30 18:23 +0000,35141,483,3
9.25E+17,https://twitter.com/tippingpoint/status/924816767846772737,@CherylABC7 thanks for the boost. We appreciate your help spreading the word! #bandtogetherbayarea #beatippingpoint,Fire Relief,2017-10-30 01:54 +0000,616,8,0
9.25E+17,https://twitter.com/tippingpoint/status/924807977965469696,"Only a few tickets left! #bandtogetherbayarea concert for #NorthBayFire relief w @Metallica @DaveMatthewsBnd + more.https://t.co/Au0gaqlYlL https://t.co/x4pgX72lNX",Fire Relief,2017-10-30 01:19 +0000,38351,245,39
9.24E+17,https://twitter.com/tippingpoint/status/924070944892579840,We stand with our neighbors impacted by #NorthBayFire. #BandTogetherBayArea tix benefit relief efforts. Buy tix now: https://t.co/Au0gaqlYlL https://t.co/We4PSWvVPJ,Fire Relief,2017-10-28 00:30 +0000,16,0,0
9.24E+17,https://twitter.com/tippingpoint/status/924035179739410432,Thanks @Mayoredlee for rallying our city to support #northbayfire relief for our neighbors. #BandTogetherBayArea https://t.co/M3zLe5Zvqd,Fire Relief,2017-10-27 22:08 +0000,1463,11,0
9.24E+17,https://twitter.com/tippingpoint/status/924034786905038848,Thanks @JoeMontana for rallying our community for #NorthBayFire relief. See you Nov. 9 at #BandTogetherBayArea https://t.co/SyjQ9wUFmj,Fire Relief,2017-10-27 22:07 +0000,859,4,0
9.24E+17,https://twitter.com/tippingpoint/status/924034479080882176,Thanks @KDTrey5 for helping rally our community for #NorthBayFire relief! #BandTogetherBayArea https://t.co/sDQ08ZkV34,Fire Relief,2017-10-27 22:06 +0000,903,4,0
9.24E+17,https://twitter.com/tippingpoint/status/924034081347612672,Thanks @goldiehawn for supporting #northbayfire relief and rallying our community! #BandTogetherBayArea https://t.co/P5yOif2Mzj,Fire Relief,2017-10-27 22:04 +0000,994,13,0
9.24E+17,https://twitter.com/tippingpoint/status/924033786903269377,Thanks @Rob_M_Acker + @SalesforceOrg for supporting #NorthBayFire relief! #BandTogetherBayArea https://t.co/yOSuwR3OGW,Fire Relief,2017-10-27 22:03 +0000,1636,10,0
9.24E+17,https://twitter.com/tippingpoint/status/923972958086766592,"We stand w those impacted by #NorthBayFires. Proud to support + serve low-income residents on the road to recovery.https://t.co/sCsU2XjX2m",Fire Relief,2017-10-27 18:01 +0000,872,7,0
9.24E+17,https://twitter.com/tippingpoint/status/923960117510291456,#BandTogetherBayArea - Thanks to @LiveNationSF and all sponsors rallying our community to support #NorthBayFire relief. See you Nov. 9! https://t.co/TM7rrG9IN4,Fire Relief,2017-10-27 17:10 +0000,11404,34,0
9.24E+17,https://twitter.com/tippingpoint/status/923959694015655936,#BandTogetherBayArea tix on sale now! 100% benefits #NorthBayFire relief in low-income communities. See you Nov. 9! https://t.co/Au0gaqlYlL https://t.co/fdz2OW8j8I,Fire Relief,2017-10-27 17:08 +0000,42284,658,88
9.24E+17,https://twitter.com/tippingpoint/status/923624224392060928,Thrilled to see @deadandcompany @RaphaelSaadiq + @Rancid join the lineup! #BandTogether for #NorthBayFire relief: https://t.co/iHD4hXfQji,Fire Relief,2017-10-26 18:55 +0000,10,0,0
9.24E+17,https://twitter.com/tippingpoint/status/923550049446981634,Thrilled to see @deadandcompany @RaphaelSaadiq + @Rancid join the lineup! #BandTogether for #NorthBayFire relief: https://t.co/Au0gaqlYlL https://t.co/EtGhSNql6t,Fire Relief,2017-10-26 14:01 +0000,2527,145,13
9.23E+17,https://twitter.com/tippingpoint/status/923347427167309824,"Ready to #BandTogetherBayArea w @Metallica @davematthewsbnd @G_Eazy at @ATTPark, benefitting #NorthBayFire relief! https://t.co/QxJaFf8pvL",Fire Relief,2017-10-26 00:35 +0000,10679,1121,3
9.23E+17,https://twitter.com/tippingpoint/status/923334651762032641,"An epic night to support #NorthBayFire relief. Grateful to @LeviStraussCo + all our sponsors! #BandTogetherBayAreahttps://t.co/Au0gaqlYlL https://t.co/QRHicxtI6C",Fire Relief,2017-10-25 23:45 +0000,1806,21,6
9.23E+17,https://twitter.com/tippingpoint/status/923331896435601408,Honored to partner with @CatholicCSF to serve our neighbors in the #NorthBay https://t.co/USrXKoQVlP,Fire Relief,2017-10-25 23:34 +0000,2122,25,0
9.23E+17,https://twitter.com/tippingpoint/status/923279277503668224,"An epic night to #BandTogetherBayArea and support #NorthBayFire relief. Grateful to @Salesforce + all our sponsors!https://t.co/Au0gaqlYlL https://t.co/FgaNfTwWBc",Fire Relief,2017-10-25 20:05 +0000,3609,28,3
9.23E+17,https://twitter.com/tippingpoint/status/923230032234815488,Thank you @Metallica for using your music to support our neighbors - can't wait for the show! #BandTogetherBayArea https://t.co/8eXbM2fbB4,Fire Relief,2017-10-25 16:49 +0000,10422,46,0
9.23E+17,https://twitter.com/tippingpoint/status/923198097949257728,"#BandTogetherBayArea 11/9 @ATTPark - proud to support #northbayfirerelief w/ @Metallica @davematthewsbnd @G_Eazy https://t.co/P2F9qL9mg2",Fire Relief,2017-10-25 14:42 +0000,58391,469,183
9.23E+17,https://twitter.com/tippingpoint/status/922990275198296065,"We stand w ag workers impacted by #NorthBayFires. Working w local partners to support via TP Emergency Relief Fund.https://t.co/AEPJPP6Y2H",Fire Relief,2017-10-25 00:56 +0000,3537,53,10
9.22E+17,https://twitter.com/tippingpoint/status/921787129713238017,"Remaining focused on the people of the #NorthBay as we strive for a rapid, equitable recovery. @washingtonpost https://t.co/0iLrHVAcrN",Fire Relief,2017-10-21 17:15 +0000,1036,4,1
9.19E+17,https://twitter.com/tippingpoint/status/919277800875442177,"Our CEO + Founder @DanielLurie speaks to our community about #NorthBayFires and announces Emergency Relief Fund. https://t.co/Q63Jp7G69P",Fire Relief,2017-10-14 19:04 +0000,2445,51,21
9.19E+17,https://twitter.com/tippingpoint/status/918939423340769280,".@davepell thanks for sharing the Tipping Point Emergency Relief Fund in #NextDraft + helping us serve the #NorthBayhttps://t.co/icAL6Y3EG4",Fire Relief,2017-10-13 20:40 +0000,1198,15,0
9.19E+17,https://twitter.com/tippingpoint/status/918904756050935808,"We've launched a fund to support local efforts + serve low-income communities devastated by fires in the #NorthBay:https://t.co/icAL6Y3EG4 https://t.co/qNT9vdrPxJ",Fire Relief,2017-10-13 18:22 +0000,3223,90,16
9.18E+17,https://twitter.com/tippingpoint/status/917778461464322050,"Our hearts go out to our neighbors in the North Bay. @sfchronicle has guidance on helping and getting help:https://t.co/23QSbCq5EO",Fire Relief,2017-10-10 15:46 +0000,3083,45,12
9.80E+17,https://twitter.com/tippingpoint/status/979862609288572928,"The majority of our chronically homeless neighbors live with a physical or mental disability - our investment to help complete the expansion of the Medical Respite and Sobering Center increases the City's capacity to serve these neighbors.https://t.co/gMwThjJYvP",Homelessness,2018-03-30 23:27 +0000,1352,10,1
9.79E+17,https://twitter.com/tippingpoint/status/978792407595597824,"As our CEO @DanielLurie said last week, we are encouraged by the plans to address homelessness from SF Mayoral candidates and will be working to help set the bar even higher. @CurbedSF #BeATippingPointhttps://t.co/pe7S1xdI6y",Homelessness,2018-03-28 00:34 +0000,1353,18,9
9.77E+17,https://twitter.com/tippingpoint/status/976978026582835202,"We were moved by Couper's story when she shared at the @ImpactHubSF day of learning hosted by @SFPublicPress. @StoriesFoghttps://t.co/2KRSIgBRzH",Homelessness,2018-03-23 00:24 +0000,1480,31,11
9.76E+17,https://twitter.com/tippingpoint/status/976244006563627008,"Shout out to @LarkinStreet for $2.5 million grant from CA Office of Emergency Services to expand their programs. Together, we can #EndYouthHomelessness! #BeATippingPoint #TippingPointGrantees https://t.co/qoBgLkdwgY",Homelessness,2018-03-20 23:48 +0000,1974,44,0
9.76E+17,https://twitter.com/tippingpoint/status/976144321010216960,@nn4youth @AWayHomeCa Looking good Brian! We love to see experts coming together to support each other and the work to #EndYouthHomelessness,Homelessness,2018-03-20 17:11 +0000,50,4,0
9.76E+17,https://twitter.com/tippingpoint/status/975907886965534720,"Exciting expansion of available supportive housing units -- Congratulations @SF_HSH! We're fired up to continue working together to combat chronic homelessness. #BeATippingPointhttps://t.co/HQKgsKb9VD",Homelessness,2018-03-20 01:32 +0000,784,20,7
9.76E+17,https://twitter.com/tippingpoint/status/975901327707422722,"Dir. of Public Funding at @LarkinStreet, a Tipping Point grantee, makes the case for a more humane approach to the public health needs of people experiencing homelessness. @SFExaminerhttps://t.co/suaNA3TwZo",Homelessness,2018-03-20 01:06 +0000,1180,23,5
9.74E+17,https://twitter.com/tippingpoint/status/974438668248035328,"At its core, the homelessness crisis results from a lack of affordable housing. @CityLab + @NLIHC reveal the extent of the problem across all 50 states:https://t.co/g16BxjGc5J",Homelessness,2018-03-16 00:14 +0000,1345,19,9
9.74E+17,https://twitter.com/tippingpoint/status/974040875339673601,"Shout out to @KidAlliance for their leadership on this bill to remove red tape and guarantee extended family members the resources they need to provide foster youth a stable home. An exciting and important development in the fight to #EndYouthHomelessness https://t.co/ito06sdVWk",Homelessness,2018-03-14 21:53 +0000,1179,7,0
9.74E+17,https://twitter.com/tippingpoint/status/973731834965012481,"Ismael balances his roles as student, caregiver for three siblings, and worker--all without stable housing. We must do better for him and thousands like him. @LATimes #BeATippingPointhttps://t.co/EFPCgKWhl5",Homelessness,2018-03-14 01:25 +0000,751,24,9
9.73E+17,https://twitter.com/tippingpoint/status/973357350286368770,"Founder + CEO of @pathpartners asks critical questions about how the innovative power of our region could be used to better address the crisis of homelessness. @Recodehttps://t.co/ZClIXKXP46",Homelessness,2018-03-13 00:37 +0000,5565,62,23
9.72E+17,https://twitter.com/tippingpoint/status/972225511077306368,Proud to support the work of @LarkinStreet + @SFStateGSP helping former foster youth and other young people in San Francisco flourish. #EndYouthHomelessness #BeATippingPoint https://t.co/TfFzChOsWD,Homelessness,2018-03-09 21:39 +0000,1000,5,0
9.72E+17,https://twitter.com/tippingpoint/status/971923758435860481,".@SacBee explores a new report from League of CA Cities + CA State Assoc. of Counties on the tools and programs fighting homelessness across our state. Which solutions do you think are the most promising?https://t.co/YEuOeWYuXE",Homelessness,2018-03-09 01:40 +0000,749,12,3
9.69E+17,https://twitter.com/tippingpoint/status/969388051947446272,"These kids know what it means to #BeATippingPoint! We're proud to co-sponsor #SB918, @SenScottWiener + @AsmBlancaRubio's bill to create a California Office of Homeless Youth and focus $60 million towards ending youth homelessness. @fox5sandiegohttps://t.co/uVVbDq3KCy",Homelessness,2018-03-02 01:44 +0000,953,19,5
9.69E+17,https://twitter.com/tippingpoint/status/969330925866598400,@JenO_PH @HUDgov @SHELTERIncCCC Thank you for helping us spread the word! We're fired up about #SB918 - shout out to @Scott_Weiner + @AsmBlancaRubio and our co-sponsors  @eqca @housingca @calyouth @JBAforYouth @CSHInfo,Homelessness,2018-03-01 21:57 +0000,574,5,0
9.69E+17,https://twitter.com/tippingpoint/status/969021894061047809,".@LarkinStreet supports homeless youth with wraparound services and a community of care. Last year, they placed 69 youth in permanent housing. #BeATippingPoint https://t.co/ffegqwtyyc",Homelessness,2018-03-01 01:29 +0000,958,10,0
9.69E+17,https://twitter.com/tippingpoint/status/968720257606090753,.@TippingPoint is proud to support the bill to create an Office to Prevent and End Youth Homelessness with @LarkinStreet @Scott_Weiner @AsmBlancaRubio @eqca @housingca @calyouth @JBAforYouth @CSHInfo #EndYouthHomelessness #SB918 #BeATippingPoint https://t.co/kQPgikRkor,Homelessness,2018-02-28 05:31 +0000,3373,82,2
9.68E+17,https://twitter.com/tippingpoint/status/968295850114916352,".@CompassSF has served homeless families in San Francisco for over a century. We are proud to support their work - last year alone, they moved 105 previously homeless families into permanent housing. #BeATippingPoint https://t.co/xmvzRb6ksN",Homelessness,2018-02-27 01:24 +0000,1295,14,0
9.66E+17,https://twitter.com/tippingpoint/status/966485488927367168,"@LarkinStreet's community of care helps young people experiencing homelessness build a path out of poverty. Last year, 61 young people completed job programs, and 76 enrolled in post-secondary education. #BeATippingPoint https://t.co/Z6SvPWUmZD",Homelessness,2018-02-22 01:31 +0000,618,12,1
9.64E+17,https://twitter.com/tippingpoint/status/964192755697139712,We need common sense reforms to lower barriers to foster care supports for older youth. Proud to stand beside @KidAlliance @calyouth + @clccal in support of @AsmMikeGipson's AB 2337. #EndYouthHomelessness #MakePovertyPreventable https://t.co/IGUwORynH7,Homelessness,2018-02-15 17:40 +0000,1501,14,0
9.64E+17,https://twitter.com/tippingpoint/status/963857132939390976,"From 2006 to 2018 and beyond, we are proud to support the @FPFY family of dedicated staff and former foster youth. #BeATippingPoint #EndYouthHomelessness https://t.co/YhvDWxux6V",Homelessness,2018-02-14 19:27 +0000,1971,12,0
9.63E+17,https://twitter.com/tippingpoint/status/963098843511324672,"Thank you @SFPublicPress for convening this group of experts, advocates and community members to grapple with the most critical issue facing our city. Let's keep the conversation going!https://t.co/FYPirxFloH https://t.co/nIdNNTz7Ob",Homelessness,2018-02-12 17:13 +0000,905,3,0
9.59E+17,https://twitter.com/tippingpoint/status/959201917451685888,"Our corporate partners inspire us with their leadership, from building inclusive talent practices to supporting fire relief. We need Bay Area businesses to play an even larger role to help move the needle on homelessness and #MakePovertyPreventable. https://t.co/HHKaA3Qxfr",Homelessness,2018-02-01 23:08 +0000,4531,22,0
9.59E+17,https://twitter.com/tippingpoint/status/958509567301763072,"Dr. Margot Kushel of @UCSFHospitals lays out the compounding health risks of homelessness, and points to affordable housing as a critical component of treating and healing people experiencing homelessness. @NEJMhttps://t.co/zBxFJS4R1V",Homelessness,2018-01-31 01:17 +0000,2363,22,2
9.58E+17,https://twitter.com/tippingpoint/status/958392075988422662,.@Scott_Wiener @AsmBlancaRubio thank you for your leadership on this critical issue! #EndYouthHomelessness #BeATippingPoint,Homelessness,2018-01-30 17:30 +0000,695,3,0
9.58E+17,https://twitter.com/tippingpoint/status/958153076430405632,"Established last week, the California Office of Homeless Youth will bring renewed focus and resources to young people who deeply need our support. Shout out to our co-sponsors on this legislation: @eqca @housingca @calyouth @JBAforYouth @CSHInfohttps://t.co/kTAnozevmt",Homelessness,2018-01-30 01:41 +0000,2744,27,3
9.98E+17,https://twitter.com/tippingpoint/status/997534830693826560,"Proud to stand alongside @KPShare to make housing affordability and support for our neighbors experiencing homelessness a top regional priority. Together, we can build a better Bay Area! https://t.co/nE3Ro9H8vU",Homelessness,2018-05-18 17:50 +0000,490,6,0
9.97E+17,https://twitter.com/tippingpoint/status/997152630768979973,"@alexia @meganbytes94 @alexia you rock! We fund several incredible non-profits serving people experiencing homelessness, they could all use your support. You can find their info on our grantees page: https://t.co/5tYWALIffE@HPP_SF @CHP_SF @compasssf @FPF",Homelessness,2018-05-17 16:31 +0000,454,8,1
9.96E+17,https://twitter.com/tippingpoint/status/996495280798294017,"Take a deeper dive into the 1 Year - 1,000 Homes pledge. Read more from our CEO + founder @DanielLurie, Chronic Homelessness Initiative campaign manager Stephany Joy Ashley, and foster youth advocate Alexis Barries.https://t.co/mSZRirgrL1",Homelessness,2018-05-15 20:59 +0000,827,20,9
9.96E+17,https://twitter.com/tippingpoint/status/996182890084904960,"The best solution to homelessness is a home. Hear from the experts that have been proving this for the last 30 years, including @CHP_SF, one of several #TippingPointGrantees helping people in the Bay Area experiencing homelessness secure housing.https://t.co/YeLoleXCLq",Homelessness,2018-05-15 00:18 +0000,1079,17,4
9.94E+17,https://twitter.com/tippingpoint/status/994326765769113600,"People who experience homelessness as adolescents are 5x more likely to experience homelessness as adults. #SB918 will create an Office of Homeless Youth to focus resources and services to #EndYouthHomelessness. @SFChroniclehttps://t.co/ItaQiJA2iv",Homelessness,2018-05-09 21:22 +0000,1183,18,6
9.94E+17,https://twitter.com/tippingpoint/status/993634662160347136,@newdoorsf Thank you for helping spread the word! We are humbled and inspired by the work @newdoorsf does to serve young people experiencing homelessness. #BeATippingPoint,Homelessness,2018-05-07 23:32 +0000,69,0,0
9.93E+17,https://twitter.com/tippingpoint/status/993165101485051909,"Our Founder + CEO @DanielLurie on why we're asking all San Franciscans to help our next Mayor make good their pledge to secure 1,000 homes for our homeless neighbors within their first year in office.https://t.co/WLBSgluBzL",Homelessness,2018-05-06 16:26 +0000,2433,116,35
9.92E+17,https://twitter.com/tippingpoint/status/992413853530009600,"Help keep our next Mayor to their pledge to secure 1,000 homes for our homeless neighbors in the first year of their term. @DominicFracassa of @sfchronicle has the story. #PreventHomelessness #BeATippingPointhttps://t.co/sNZbINFENl",Homelessness,2018-05-04 14:41 +0000,1737,41,20
9.92E+17,https://twitter.com/tippingpoint/status/992403750764474373,"Top SF Mayoral candidates have promised that within their first year in office, they'll secure 1,000 new homes for homeless San Franciscans. Sign the pledge to show your support and hold them to their word.https://t.co/bC1heiTAXT https://t.co/5AmBMjOBnE",Homelessness,2018-05-04 14:01 +0000,2307,62,19
9.90E+17,https://twitter.com/tippingpoint/status/989666457666506752,LGBTQ youth face 2x greater risk of homelessness than their peers. @Chapin_Hall + Voices of Youth Count offer insight and a path toward stronger support structures to #EndYouthHomelessness https://t.co/9wXkAuzBg4,Homelessness,2018-04-27 00:44 +0000,1802,19,0
9.89E+17,https://twitter.com/tippingpoint/status/988570190181879808,"Friends: #SB918 heads to another committee vote tomorrow! Contact your State Senator to support this legislation which will create of an Office of Homeless Youth. #EndYouthHomelessness #BeATippingPointhttps://t.co/l3W7EiwukK",Homelessness,2018-04-24 00:07 +0000,1783,27,5
9.87E+17,https://twitter.com/tippingpoint/status/987127674576322560,"""The status quo is not compassionate or effective.‰Û Yet another sobering call for action to reduce chronic homelessness in San Francisco, this time from the man whose job is to glorify the city. @sfchronicle https://t.co/nkvO4FTZZ5",Homelessness,2018-04-20 00:35 +0000,1062,14,5
9.86E+17,https://twitter.com/tippingpoint/status/986033699253764096,"Tomorrow, @CalYouth will rally at the State Capitol in support of #SB918 - a bill to create a state Office of Homeless Youth to serve the 15,000+ young people who live without stable housing in our state. Contact your state senator to voice your support!https://t.co/18CLHNorcU",Homelessness,2018-04-17 00:08 +0000,911,7,1
9.85E+17,https://twitter.com/tippingpoint/status/984973063413424128,"Black + Latinx people account for 21% of all SF residents but 56% of homeless residents -- we cannot combat homelessness and poverty without confronting the role of racism.https://t.co/CPFrcO6H5G",Homelessness,2018-04-14 01:54 +0000,983,19,3
9.84E+17,https://twitter.com/tippingpoint/status/983872211533545472,A very exciting step forward! Proud to play our part in this effort to #EndYouthHomelessness https://t.co/kYFO330eWL,Homelessness,2018-04-11 00:59 +0000,1086,11,0
9.84E+17,https://twitter.com/tippingpoint/status/983504453729792001,"1 in 10 Cal State students experience homelessness each year, part of a growing national trend. Students need stronger financial supports to make the most of their education. @NPRhttps://t.co/3ZCjSTi6S5",Homelessness,2018-04-10 00:38 +0000,1639,29,5
9.82E+17,https://twitter.com/tippingpoint/status/982418571367088128,"Yesterday, members of the Tipping Point team spoke on @ABHYLN panel highlighting program models that help youth experiencing homelessness meet their needs. Thanks @Google for hosting this critical conversation on ways we can work to #EndYouthHomelessness https://t.co/wVsyFGaqzU",Homelessness,2018-04-07 00:43 +0000,891,16,2
9.82E+17,https://twitter.com/tippingpoint/status/982057376739033088,"#SB918 - the Bill we are co-sponsoring to create an Office of Homeless Youth in CA - goes to Committee for its first major vote on Tuesday. If you live in SF,  East Bay or North Bay, call your State Senator to voice your support! #EndYouthHomelessness https://t.co/AAsHghYz4v",Homelessness,2018-04-06 00:48 +0000,1127,13,3
9.81E+17,https://twitter.com/tippingpoint/status/980971414499950592,"Encouraging returns from mental health services investments in LA, particularly among homeless youth. @MoveCAFWD https://t.co/ZWSFuJK9nU",Homelessness,2018-04-03 00:53 +0000,1763,12,0
9.81E+17,https://twitter.com/tippingpoint/status/980947141223788544,"@alexia @hoomanradfar @alexia we share your sense of urgency and are working alongside @sfgov to mobilize all available resources to serve our neighbors experiencing homelessness. Check out our latest Monthly Spotlight to learn more and take action.https",Homelessness,2018-04-02 23:16 +0000,291,12,1
9.59E+17,https://twitter.com/tippingpoint/status/958509567301763072,"Dr. Margot Kushel of @UCSFHospitals lays out the compounding health risks of homelessness, and points to affordable housing as a critical component of treating and healing people experiencing homelessness. @NEJMhttps://t.co/zBxFJS4R1V",Homelessness,2018-01-31 01:17 +0000,2364,22,2
9.58E+17,https://twitter.com/tippingpoint/status/958392075988422662,.@Scott_Wiener @AsmBlancaRubio thank you for your leadership on this critical issue! #EndYouthHomelessness #BeATippingPoint,Homelessness,2018-01-30 17:30 +0000,695,3,0
9.58E+17,https://twitter.com/tippingpoint/status/958153076430405632,"Established last week, the California Office of Homeless Youth will bring renewed focus and resources to young people who deeply need our support. Shout out to our co-sponsors on this legislation: @eqca @housingca @calyouth @JBAforYouth @CSHInfohttps://t.co/kTAnozevmt",Homelessness,2018-01-30 01:41 +0000,2744,27,3
9.57E+17,https://twitter.com/tippingpoint/status/956709529701380096,"Sometimes, it takes an outside perspective to understand the full gravity of a situation. @guardian shares the UN Special Rapporteur's take on housing and homelessness in San Francisco. https://t.co/ou5Bv3XDkb",Homelessness,2018-01-26 02:05 +0000,6073,175,60
9.57E+17,https://twitter.com/tippingpoint/status/956620105726574592,"Our neighbors shared their first-hand experiences of homelessness at @SFPublicPress learning symposium. Thank you all for your courage and candor, and for reminding us that a little humanity goes a long way. @storiesfog https://t.co/ZSuaM2JsQJ",Homelessness,2018-01-25 20:09 +0000,1492,8,0
9.56E+17,https://twitter.com/tippingpoint/status/955975383714742272,"We admire the ambition and innovative spirit of SFHAF, and stand beside them as partners to help @SFGov reduce chronic homelessness. @NextCity #BeATippingPointhttps://t.co/WT0zxXZjtK",Homelessness,2018-01-24 01:27 +0000,972,6,2
9.56E+17,https://twitter.com/tippingpoint/status/955880079103373312,"11:30 this morning! Watch @Scott_Wiener announce the creation of the CA Office of Homeless Youth, doubling down on the state's efforts to #EndYouthHomelessness@eqca @housingca @calyouth @JBAforYouth @CSHInfo https://t.co/i616ToupoC",Homelessness,2018-01-23 19:09 +0000,1773,10,0
9.54E+17,https://twitter.com/tippingpoint/status/954399236631642112,"@AIGASF @akajoshlevine @LavaMae @someguy_is @Great_Monday Thank you for hosting! Great energy + awesome questions, we're glad to have this community in our corner as we work to tackle chronic homelessness in SF. #BeATippingPoint",Homelessness,2018-01-19 17:04 +0000,234,4,0
9.53E+17,https://twitter.com/tippingpoint/status/953471813803102208,‰ÛÏWe need to disrupt the dehumanization and challenge ourselves to care for our neighbors.‰Û Stephany Ashley speaking at @AIGASF on each of our role in designing solutions to homelessness https://t.co/SE1IpJ7g7X,Homelessness,2018-01-17 03:39 +0000,9342,57,4
9.53E+17,https://twitter.com/tippingpoint/status/953463895326273536,‰ÛÏWe‰Ûªre trying to leverage private dollars to build housing faster and more affordably - our role is to test and learn and advance new solutions that ultimately serve more people.‰Û - Stephany Ashley of @tippingpoint speaking at @AIGASF on innovating solutions to homelessness https://t.co/Ka7g3PhZvP,Homelessness,2018-01-17 03:08 +0000,1668,28,1
9.53E+17,https://twitter.com/tippingpoint/status/953461871448739841,‰ÛÏRadical hospitality means humanizing people - our guests spend extra time with us when we come around because it‰Ûªs also about relationships.‰Û Kris Kepler of @LavaMae speaking at @AIGASF on innovative solutions to homelessness. https://t.co/sHdn9mJfhX,Homelessness,2018-01-17 02:59 +0000,1535,20,0
9.52E+17,https://twitter.com/tippingpoint/status/951971295138164736,Join us Tuesday! Excited to take part in the discussion about what it will take to #endhomelessness https://t.co/ZvjWwzd6wP,Homelessness,2018-01-13 00:16 +0000,1572,9,0
9.52E+17,https://twitter.com/tippingpoint/status/951620191313514498,"""It is much harder to climb out of poverty than it is to fall into it."" - An honest, painful account of homelessness, and the role living wages and affordable housing could play in solving the problem. @Voxdotcom https://t.co/pUA1zW4CFr",Homelessness,2018-01-12 01:01 +0000,2233,13,0
9.51E+17,https://twitter.com/tippingpoint/status/951260047979397120,"A thoughtful, innovative way to serve our neighbors experiencing homelessness. Thank you @_actionhunger, we look forward to seeing you in San Francisco soon! @foodandwine https://t.co/nrJQshESVQ",Homelessness,2018-01-11 01:10 +0000,1197,9,3
9.51E+17,https://twitter.com/tippingpoint/status/950891463864233984,".@SFChronicle surveys approaches to confronting the homelessness crisis from across the US. There is no silver bullet, and success will require patience, determination, and a willingness to keep testing. https://t.co/2lU2tS77fg",Homelessness,2018-01-10 00:46 +0000,1531,15,7
9.49E+17,https://twitter.com/tippingpoint/status/949431619164647424,"For some weekend inspiration, read @KevinChron 's profile on Joe Wilson, the formerly homeless client of @HospitalityHous who now runs the organization. @sfchronicle https://t.co/llX3F9kx90",Homelessness,2018-01-06 00:05 +0000,1370,5,1
9.43E+17,https://twitter.com/tippingpoint/status/943309105850023937,"Proud to do our part to support the Respite Center, and to partner with @sfgov + @SF_HSH to serve our neighbors experiencing homelessness. https://t.co/cqyA68R5vx",Homelessness,2017-12-20 02:36 +0000,2089,24,1
9.42E+17,https://twitter.com/tippingpoint/status/942480231968808960,"Local choreographer Markia Brussel's ballet emphasizes and uplifts the humanity of our neighbors experiencing homelessness. @KQEDarts goes behind the scenes:https://t.co/DM9IAyscoL",Homelessness,2017-12-17 19:42 +0000,916,9,5
9.41E+17,https://twitter.com/tippingpoint/status/940659861771116544,"We're saddened by the loss of Mayor Ed Lee. For over 4 decades he worked tirelessly as a community leader to build a more equitable + compassionate city. We are deeply grateful for his commitment to addressing homelessness and housing, which will be felt for many years to come.",Homelessness,2017-12-12 19:09 +0000,1929,25,1
9.40E+17,https://twitter.com/tippingpoint/status/940388002722750464,"The #homelessness crisis requires sustained investment and compassion, especially in the aftermath of the #northbayfires. We are proud to support @CathCharSRosa and others working on the ground to serve those most severely impacted. @NPRhttps://t.co/jOl59nZNVm",Homelessness,2017-12-12 01:09 +0000,1304,11,3
9.25E+17,https://twitter.com/tippingpoint/status/924707534727888896,"S/O to @SFChronicle @KQED @SFPublicPress + others elevating the stories of our neighbors experiencing homelessness.https://t.co/r2dqkXdppr",Homelessness,2017-10-29 18:40 +0000,1484,15,4
9.22E+17,https://twitter.com/tippingpoint/status/922181497758523392,"#SF neighbor says it all: #northbayfire response is inspiring, we need to confront homelessness with similar urgencyhttps://t.co/wZ76xawKp0",Homelessness,2017-10-22 19:22 +0000,3072,57,19
9.21E+17,https://twitter.com/tippingpoint/status/920807562181668864,"We echo @Scott_Wiener + @AsmBlancaRubio call to action. Proud to support #BayArea nonprofits serving homeless youth.https://t.co/U8dYZrmS1V",Homelessness,2017-10-19 00:23 +0000,3481,31,7
9.20E+17,https://twitter.com/tippingpoint/status/919626879832752128,"Proud to see @tippingpoint grantee @CHP_SF provide services for formerly homeless residents of this new development.https://t.co/dgThClFde9",Homelessness,2017-10-15 18:11 +0000,1118,18,7
9.16E+17,https://twitter.com/tippingpoint/status/916101604108931072,"S/O to @CHP_SF + #SF #MOHCD for pursuing rapid, cost-effective solutions to address our homeless crisis.https://t.co/7tmrs0kseB",Homelessness,2017-10-06 00:43 +0000,1003,17,7
9.16E+17,https://twitter.com/tippingpoint/status/915741272479903744,"Youth experiencing homelessness deserve our support. We are proud to fund @LarkinStreet. #EndYouthHomelessnesshttps://t.co/xvQzeZkIQZ",Homelessness,2017-10-05 00:51 +0000,1686,38,7
9.15E+17,https://twitter.com/tippingpoint/status/915381097390682112,"Proud to stand beside @sfgov + @SF_HSH, committed to our neighbors experiencing homelessness. https://t.co/ID5SNEyZXE",Homelessness,2017-10-04 01:00 +0000,896,4,0
9.80E+17,https://twitter.com/tippingpoint/status/979767964017676289,"Congratulations to AD-10 Woman of the Year Lucia Martel-Dow, Director of Immigration and Legal Services at Canal Alliance. Lucia's efforts to educate and advocate for immigrant families make our community safer and stronger. #BeATippingPoint https://t.co/EBrz0HOEyX",Immigration,2018-03-30 17:11 +0000,1018,5,0
9.71E+17,https://twitter.com/tippingpoint/status/971187966918901760,"Our community is stronger when all our neighbors can live without uncertainty or fear. We continue to call on Congress to pass the #DreamActNow @LATimeshttps://t.co/i7NfIhJm1I",Immigration,2018-03-07 00:57 +0000,945,11,0
9.61E+17,https://twitter.com/tippingpoint/status/961415592812032000,"We stand with @MAFpajarito in support of #Dreamers. They make our community stronger, they should be #HereToStay https://t.co/QboOxFloQY",Immigration,2018-02-08 01:45 +0000,1077,8,0
9.94E+17,https://twitter.com/tippingpoint/status/993964222420738048,"A well-deserved honor for Lucia Martel-Dow, Director of Immigration Legal Services at @canalalliance. #TippingPointGrantees #BeATippingPoint @marinij https://t.co/ohOe6fFbBP",Immigration,2018-05-08 21:21 +0000,1037,9,2
9.84E+17,https://twitter.com/tippingpoint/status/984218934705467392,Bipartisan findings from census directors show that a citizenship question would reduce participation in the census and undermine its accuracy. @sfchronicle https://t.co/NAPk5hozJj,Immigration,2018-04-11 23:57 +0000,747,9,1
9.56E+17,https://twitter.com/tippingpoint/status/955999416984326144,"When this Administration threatens immigrant neighbors, California rises to the challenge. Shout out to @MAFpajarito for funneling our collective outrage into scholarship checks that will help thousands of Dreamers remain in our community. #BeATippingPointhttps://t.co/p6QUZq7TOW",Immigration,2018-01-24 03:03 +0000,1428,23,2
9.55E+17,https://twitter.com/tippingpoint/status/955167223252901888,Amazing work being done by @thedream_us with the help of @JeffBezos to support our immigrant neighbors in this uncertain time. @VOANews https://t.co/THHwyEZ7QZ,Immigration,2018-01-21 19:56 +0000,1106,3,1
9.52E+17,https://twitter.com/tippingpoint/status/951909909557227520,Welcoming people fleeing turmoil and looking to build a better life has always made America great. Thank you @Upwardly_Global for helping our #immigrant neighbors do their best for our community! https://t.co/mtKblBIuPW,Immigration,2018-01-12 20:13 +0000,2476,23,0
9.44E+17,https://twitter.com/tippingpoint/status/943647312575791104,"Pass the #DreamActNow! Thank you to @MAFpajarito @TFABayArea @collegetrack and all our grantees courageously raising their voices in support of our immigrant neighbors.https://t.co/fStj3lrCOw",Immigration,2017-12-21 01:00 +0000,1827,20,4
9.43E+17,https://twitter.com/tippingpoint/status/942941472797503488,".@Upwardly_Global welcomes skilled immigrants + refugees and helps them put their talents to work in our community. #BeATippingPoint @VOANews https://t.co/xyFNQF8dEH",Immigration,2017-12-19 02:15 +0000,2071,10,1
9.25E+17,https://twitter.com/tippingpoint/status/924707620375511040,"Proud to support @Upwardly_Global and their work with immigrants and refugees! #upstanderschallengehttps://t.co/SADqMWbyyA",Immigration,2017-10-29 18:40 +0000,967,7,0
9.17E+17,https://twitter.com/tippingpoint/status/917096416081670144,"Rallying for #Dreamers like Amzi showed the best of our community. We're honored to support @MAFpajarito's efforts. https://t.co/ab8VJA0sIK",Immigration,2017-10-08 18:36 +0000,989,8,1
9.79E+17,https://twitter.com/tippingpoint/status/979457443213144064,Thanks for the shout out @New_Sincerity! Our incredible grantees are the true pioneers - learn more about their work and how we support them at https://t.co/5tYWALIffE https://t.co/Iuz5l788CX,Nonprofits,2018-03-29 20:37 +0000,869,2,0
9.79E+17,https://twitter.com/tippingpoint/status/978726019916943360,@FLYprogram_org Fired up to see Sam Cobbs' wisdom and expertise helping to fuel these critical conversations! Shout out to @FLYprogram_org Board and staff for building a stronger community for our young people. #TippingPointGrantees #BeATippingPoint,Nonprofits,2018-03-27 20:10 +0000,192,4,0
9.76E+17,https://twitter.com/tippingpoint/status/975874586427342848,Powerful story of a cutting edge organization! #TippingPointGrantees #BeATippingPoint https://t.co/3G4z2eUmUH,Nonprofits,2018-03-19 23:20 +0000,652,5,0
9.68E+17,https://twitter.com/tippingpoint/status/968236608691425280,"@IanRountree @MikeIsaac Check out our current grantees to find the best nonprofits providing housing, education, employment + early childhood development services in the Bay Area! https://t.co/5tYWALIffE",Nonprofits,2018-02-26 21:29 +0000,59,2,1
9.65E+17,https://twitter.com/tippingpoint/status/964584417799766016,Fired up to see @reyfaustino + @1Deg featured for their incredible service to our community! #BeATippingPoint #techforgood https://t.co/RjFxQCw0Ik,Nonprofits,2018-02-16 19:37 +0000,1219,3,0
9.62E+17,https://twitter.com/tippingpoint/status/961687790676135936,@CharityNav @OCCoastkeeper @InnerCityArts Thank you! Fired up to be highlighted in such a high-impact group!,Nonprofits,2018-02-08 19:46 +0000,116,0,0
9.62E+17,https://twitter.com/tippingpoint/status/961687472462733312,"Honored to @CharityNav highlight our work as part of their #California tour!https://t.co/qwmxyRKtVV",Nonprofits,2018-02-08 19:45 +0000,2279,9,0
9.70E+17,https://twitter.com/tippingpoint/status/969704467024175104,"As our Founder + CEO @DanielLurie likes to say, ""why have a rainy day fund when it's already raining?"" We're working hard to mobilize millennial donors to use their energy to build a better Bay Area. @Spearswmshttps://t.co/xGQ9WIH8td",Philanthropy,2018-03-02 22:42 +0000,909,9,1
9.64E+17,https://twitter.com/tippingpoint/status/963921417690497030,Thank you for stopping by! We're fired up to work with the @funderstogether network to tackle homelessness in the Bay Area. https://t.co/Ej3CuBNJCl,Philanthropy,2018-02-14 23:42 +0000,1298,6,0
9.59E+17,https://twitter.com/tippingpoint/status/959312866376499200,Our fight against poverty is possible because of your dedication and support. Thank you for joining us tonight. #BeATippingPoint,Philanthropy,2018-02-02 06:29 +0000,942,6,0
9.59E+17,https://twitter.com/tippingpoint/status/959278838747299840,"To our partners and grantee leaders working to bring economic justice to the Bay Area, in the words of our Board chair Chris James - â€œyou are doing the hardest work in the hardest place.â€ù",Philanthropy,2018-02-02 04:14 +0000,1437,20,0
9.86E+17,https://twitter.com/tippingpoint/status/986392941324156928,"For every dollar spent fighting child poverty, our economy saves seven dollars. This is why Tipping Point invests in nonprofits throughout the Bay Area serving low-income children + families. #TippingPointGrantees #BeATippingPointhttps://t.co/aq08npKK8Y",Philanthropy,2018-04-17 23:56 +0000,2418,42,7
9.78E+17,https://twitter.com/tippingpoint/status/978435908859977728,"""...the best investment we can make is in people""Innovative poverty-fighting experiments from #Stockton Mayor @MichaelDTubbs - we're rooting for you! #ReInventStockton #BeATippingPointhttps://t.co/E4p2hnZ1Dy",Poverty,2018-03-27 00:57 +0000,1598,30,7
9.78E+17,https://twitter.com/tippingpoint/status/978302295749242880,@juliahartz @eventbrite Thank you for the opportunity to speak with the @eventbrite team! We're always excited to bring more people into the fight against poverty in the Bay Area #BeATippingPoint,Poverty,2018-03-26 16:06 +0000,94,1,0
9.77E+17,https://twitter.com/tippingpoint/status/977327239346843648,"Fighting poverty requires us to build people up rather than locking them up. That's why we fund @FLYprogram_org and other education nonprofits across the Bay Area. #TippingPointGrantees #BeATippingPointhttps://t.co/4lvOs8q4H0",Poverty,2018-03-23 23:32 +0000,1107,11,1
9.98E+17,https://twitter.com/tippingpoint/status/997520578859839488,@RonnieLottHOF Thanks @RonnieLottHOF for all your support! Fired up to move forward together to #MakePovertyPreventable,Poverty,2018-05-18 16:53 +0000,25,1,0
9.97E+17,https://twitter.com/tippingpoint/status/996554036760358914,"""For homeowners, the mortgage interest deduction is available to anyone who qualifies. For poor renters, there is never enough housing assistance to go around.""An all too familiar story for cities across America. @NYTimeshttps://t.co/qW8I0KCPRb",Poverty,2018-05-16 00:52 +0000,834,10,2
9.97E+17,https://twitter.com/tippingpoint/status/996508632840781824,"‰ÛÏLife experience, whether it be addiction, trauma, mental illness or any other form of struggle, is a valuable form of diversity.‰Û https://t.co/0ZSgSFmDML",Poverty,2018-05-15 21:52 +0000,507,9,1
9.95E+17,https://twitter.com/tippingpoint/status/995076230335512576,Students from the @GoldmanSchool presented their findings on how to best get low-income families to take advantage of their earned income tax credit. https://t.co/pPIkZhbTcd,Poverty,2018-05-11 23:00 +0000,1101,21,0
9.85E+17,https://twitter.com/tippingpoint/status/984601532669706241,"Each year, $2 billion in income tax credits never make it to the families who earned them. Learn what Tipping Point is doing to help households on the poverty line claim their money.https://t.co/vREuBwbj4K",Poverty,2018-04-13 01:17 +0000,1738,26,6
9.82E+17,https://twitter.com/tippingpoint/status/982424990237650944,"Thank you @InsightCCED for joining us this week to discuss wealth inequality and the systems that contribute to the problem. Check out their eye-opening report on child support debt and the multi-generational impact it can have on families.https://t.co/eDSnqZVRXf",Poverty,2018-04-07 01:09 +0000,877,14,3
9.58E+17,https://twitter.com/tippingpoint/status/957813236836921345,"Examining US poverty in a global context reveals how urgent the need in our own country has become. @NYTimeshttps://t.co/rQGndwbnhu",Poverty,2018-01-29 03:10 +0000,2031,25,11
9.49E+17,https://twitter.com/tippingpoint/status/948717401964625920,"""Everybody has to find their own individual way to find their voice and get after it"" - @iamwesmoore joins @deray on @PodSaveThePpl to talk about the fight against poverty and each of our responsibility to join the movement. https://t.co/cNEvD7EG0v",Poverty,2018-01-04 00:47 +0000,1295,4,0
9.48E+17,https://twitter.com/tippingpoint/status/948358584621940736,"We have a common thread - we all need a safe start, an education, a steady paycheck, and a place to call home.For more than a million people in the Bay Area, these basic necessities are out of reach. It's not too late to join the fight against poverty:https://t.co/eqHpvFnaSl https://t.co/EbkR3ZbbVK",Poverty,2018-01-03 01:01 +0000,1798,21,3
9.44E+17,https://twitter.com/tippingpoint/status/944030075271364608,"""Poverty is a decision we make as a nation, and thereby it's within our power to end it."" Inspiring words from @JQ_MAF, Founder+CEO of @MAF_pajarito https://t.co/ySGtRZbpSB",Poverty,2017-12-22 02:21 +0000,2655,18,0
9.38E+17,https://twitter.com/tippingpoint/status/937850277649977344,"One year out from Poverty Line Prices, we examine the hidden costs that obstruct our neighbors on the path out of #poverty. #BeATippingPointhttps://t.co/GT8tY5sAFC",Poverty,2017-12-05 01:05 +0000,1026,6,0
9.67E+17,https://twitter.com/tippingpoint/status/966846300758056960,28% of low-income Americans work non-standard work hours (outside of 9-5) and face higher childcare costs as a result. T Lab is partnering with @ROCUnited to design an alternative. https://t.co/dZuCPAO4lS,R+D,2018-02-23 01:24 +0000,1139,6,0
9.61E+17,https://twitter.com/tippingpoint/status/960982182180274176,Fired up to work with @FLYprogram_org youth to learn from their experience and craft model programs. #BeATippingPoint https://t.co/bOQee5yo0h,R+D,2018-02-06 21:03 +0000,1193,7,0
9.79E+17,https://twitter.com/tippingpoint/status/979161176549376000,"Ali Knight, COO of @FLY_program shares his story, and the importance of providing young people with support that is ""authentic and based in respect and care."" @TheRoot #TippingPointGranteeshttps://t.co/RdQKdVkC7w",Race,2018-03-29 00:59 +0000,780,3,1
9.77E+17,https://twitter.com/tippingpoint/status/977329779291467777,"Fred Blackwell, CEO of @TSFF, advocates dealing with racial inequity head-on, because it's a cause of economic inequality, rather than a symptom. @pndblog https://t.co/KZSnkGthwv",Race,2018-03-23 23:42 +0000,908,7,1
9.77E+17,https://twitter.com/tippingpoint/status/976972722143031296,"""White boys who grow up rich are likely to remain that way. Black boys raised at the top, however, are more likely to become poor."" - @NYTimes describing the lifelong effects of racism and inequity.https://t.co/PGAugXbYaf",Race,2018-03-23 00:03 +0000,2758,38,9
9.74E+17,https://twitter.com/tippingpoint/status/974072850469371904,"â€œ...the hope is: We built these systems. We can build new ones.â€ù@c4innovates CEO @jeffolivet cautiously optimistic as he discusses a recent study underlining the relationship between structural racism and homelessness.https://t.co/OctNc9uc1K",Race,2018-03-15 00:00 +0000,1742,30,8
9.73E+17,https://twitter.com/tippingpoint/status/973235793140465664,"26.2% of Americans are people of color, but non-white folks account for 78.3% of the homeless population. @c4innovates goes in-depth to understand the structures that drive this disparity.https://t.co/xT3KER6v0Y",Race,2018-03-12 16:34 +0000,1465,32,7
9.72E+17,https://twitter.com/tippingpoint/status/971533365416374273,"@nonprofit_hr Thanks for helping spread the word @nonprofit_hr! We're fired up to share what we're learning and advance the conversation on #diversity, #equity and #inclusion.",Race,2018-03-07 23:49 +0000,106,1,0
9.71E+17,https://twitter.com/tippingpoint/status/971182802845630464,"""Our children deserve to have teachers and mentors who embody Black excellence and serve as role models.""Principal of @RocketshipEd in Nashville on the importance of diversity + inclusion in our education system. #BeATippingPoint https://t.co/o2l5qhwGP3",Race,2018-03-07 00:36 +0000,731,5,0
9.63E+17,https://twitter.com/tippingpoint/status/963229827024109568,"We walk every day in the shadow of history. Only by confronting systemic racial inequity can we truly hope to combat poverty, in the Bay Area and nationwide. @PacificStand @eji_org #BlackHistoryMonth https://t.co/l5GzLwTAay",Race,2018-02-13 01:54 +0000,2283,32,13
9.61E+17,https://twitter.com/tippingpoint/status/961060178765348864,"Honoring #BlackHistoryMonth means celebrating people's full stories, especially when they challenge us to do more to fight for racial + economic justice. @Guardianhttps://t.co/EErjapfl5N",Race,2018-02-07 02:12 +0000,822,5,0
9.86E+17,https://twitter.com/tippingpoint/status/986039407558852608,"Black mothers and their babies are more than twice as likely to die from medical complications as white their white counterparts, even accounting for income or education. @nytimes examines why:https://t.co/HXkTnyupZz",Race,2018-04-17 00:31 +0000,1308,11,3
9.81E+17,https://twitter.com/tippingpoint/status/981340975946653697,"""Tighten your belts and dry your tears. If you love Martin Luther King as you say you do, help me carry on his work.""50 years since MLK Jr. was assassinated, the struggles against inequality, police brutality and poverty continue. @KPCC https://t.co/ANdOnNnDbs",Race,2018-04-04 01:21 +0000,1010,12,1
9.81E+17,https://twitter.com/tippingpoint/status/980515171624865792,"Inequity and exclusion persist in schools across America, but in places where Brown v Board's legacy of integration has held strong, students enjoy greater upward mobility. @NPRhttps://t.co/FT48iIA4nB https://t.co/HmrmEjCc7O",Race,2018-04-01 18:40 +0000,1709,23,3
9.56E+17,https://twitter.com/tippingpoint/status/956332493107425280,"We know that race + poverty are inextricably, structurally linked. @CNNMoney explores this relationship through the lens of unemployment.https://t.co/yvljCoQcCs",Race,2018-01-25 01:06 +0000,1278,13,3
9.21E+17,https://twitter.com/tippingpoint/status/920685485399334912,"Inclusive talent systems advance equity + opportunity. Excited to see @promise54org take edu orgs to the next levelhttps://t.co/QoIa22ttGv https://t.co/BzFsidiCDw",Race,2017-10-18 16:18 +0000,1061,8,1
9.18E+17,https://twitter.com/tippingpoint/status/917546960306946049,Much work remains to safeguard this progress + break down racial inequities that exacerbate poverty. @TheAtlantic https://t.co/2lhIJ7GwOJ,Race,2017-10-10 00:26 +0000,835,6,0
9.15E+17,https://twitter.com/tippingpoint/status/915375681659224064,"""Equity is about making communities whole.""Moving conversation on #California education + power of data to advance justice. @EdTrustWest https://t.co/lMdE8UVU8h",Race,2017-10-04 00:39 +0000,1508,60,9